,T_MMA_12,T_CCD8_3,T_MMA_13,T_MMA_11,T_CCD8_1,T_CCD8_5,T_722_9,T_CCD8_7,T_GUS_25,T_712_2,T_GUS_18,T_GUS_26,T_GUS_23,T_712_4,T_GUS_20,T_712_7,T_712_6,T_GUS_21,T_712_18,T_GUS_10,T_EP_4,T_712_14,T_712_16,T_GUS_13,T_712_8,T_712_9,T_GUS_12,T_712_13,T_GUS_16,T_EP_3,T_EP_1,T_712_11,T_CCD8_10,T_722_5,T_722_16,T_722_17,T_MMA_1,T_CCD8_9,T_MMA_3,T_CCD8_13,T_722_6,T_722_15,T_722_14,T_CCD8_8,T_CCD8_16,T_MMA_6,T_CCD8_15,T_MMA_5,T_722_13,T_722_12,T_722_1,T_MMA_4,T_CCD8_14
BGC0001588,46.0,,,,,,,,,,,,,,,,,,,,,,,,,,,,,,,,,,,,,,,,,,,,,,,,,,,,
BGC0000993,58.0,,,,,,,,,,,,,,,,,,,,,,,,,,,,,,,,,,,,,,,,,,,,,,,,,,,,
BGC0001882,71.0,,,,,,,,,,,,,,,,,,,,,,,,,,,,,,,,55.0,,,,,,,,,,,,,,,,,,,,
BGC0000031,52.0,,,,,,,,,,,,,,,,,,,,,,,,,,,,,,,,,,,,,,,,,,,,,,,,,,,,
BGC0001448,,31.0,,,,,,,,,,,,,,,,,,,,,,,,,,,,,,,,,,34.0,,,,,,,,,,,,,,,,,
BGC0000577,,295.0,,,,,,,,,,,,,,,,,,,,,,,,,,,,,,,,,,327.0,,,,,,,,,,,,,,,,,
BGC0000580,,28.0,,,,,,,,,,,,,,,,,,,,,,,,,,,,,,,,,,,,,,,,,,,,,,,,,,,
BGC0001940,,,243.0,,,,,,,,,,,,,,,,,,,,,,,,68.0,,189.0,,,,,,,,,,,,,,,42.0,,,,,,,,,
BGC0001093,,,52.0,,,,,,,,,,,,,,,,,,,,,,,,,,74.0,,,,,,,,,,,101.0,,,,,94.0,,,,,,,,
BGC0001964,,,89.0,,,,,,,,,,,,,,,,,,,,,,151.0,,,,,,,,,,,,,,,,,,,,,,,,,,,50.0,
BGC0001091,,,38.0,,,,,,,,,,,,,,,,,,,,,,,,,,,,,39.0,,,,,,,,,,,,,,,,,,,,,
BGC0000954,,,582.0,,,,,,,,,,,,,,,,,,,,,,,,,,,,,,,,,,,,,,,,,,,,,,,,,,
BGC0000147,,,814.0,,,,,,,,,,,,,,,,,,,,,,,,,,,,,,,,,,,,,,,,,,,,,,,,,,
BGC0001413,,,41.0,,,,,,,,,,,,,,,,,,,,,,,,,,,,,,,,,,,,,,,,,,,,,,,,,,
BGC0000380,,,70.0,,,,,,,,,,,,,,,,,,,,50.0,,,,,,,,,,,,,,,,,,,,,,,55.0,,,,,,,
BGC0000153,,,246.0,51.0,,,,,,,,,,,,,,,,,,,208.0,,,,,,,,,,,,,,,125.0,,,,,,,,,,,,,,,
BGC0001212,,,232.0,,,,,,,,,,,,,,,,,,,,131.0,,,,,,,,,,,,,,,,,,,,,,,,,,,,,,
BGC0000809,,,79.0,,,,,,,,,,,,,,,,,,,,,,,,,,,,,,,,,,,,,,,,,,,,,,,,,,
BGC0000179,,,24.0,,,,,,,,,,,,,,,,,,,,,,,,,,,,,,,,,,,,,,,,,,,,,,,,,,
BGC0001051,,,52.0,,,,,,,,,,,,,,,,,,,,,,,,,,,,,,,,,,,,,,,,,,,,,,,,,,
BGC0001394,,,82.0,,,,,,,,,,,,,,,,,,,,,,,,,,,,,,,,,,,,,,,,,,,,,,,,,,
BGC0001761,,,50.0,,,,,,,,,,,,,,,,,,,,,,,,,,,,,,,,,,,,,,,,,,,,,,,,,,
BGC0000052,,,919.0,,,,,,,,,,,,,,,,,,,,,,,,,,,,,,,,,,,,,,,,,,,,,,,,,,
BGC0000988,,,1028.0,,,,,,,,,,,,,,,,,,,,,,,,,,,,,,,,,,,,,,,,,,,,,,,,,,
BGC0000086,,,70.0,,,,,,,,,,,,,,,,,,,,,,,,,,,,,,,,,,,,,97.0,,,,,,,,,,,,,
BGC0001065,,,46.0,,,,,,,,,,,,,,,,,,,,,,,,,,,,,,,,,,,,,70.0,,,,,,,,,,,,,
BGC0000703,,,58.0,,,,,,,,,,,,,,,,,,,,,,,,,,,,,,,,,,,,,76.0,,,,,,54.0,,,,,,,
BGC0000042,,,47.0,,,,,,,,,,,,,,,,,,,,,,,,,,,,,,,,,,,,,71.0,,,,,,,,,,,,,
BGC0000727,,,43.0,,,,,,,,,,,,,,,,,,,,,,,,,,,,,,,,,,,,,56.0,,,,,,,,,,,,,
BGC0000093,,,91.0,,,,,,66.0,,,,,,,,,,,,,,,,,,,,,,,,47.0,59.0,,,,,,102.0,,,91.0,,,,,77.0,,,,,
BGC0001285,,,,16.0,,,,,,,,,,,,,,,,,,,,,,,,,,,,,,,,,,,,,,,,,,,,,,116.0,,,
BGC0001521,,,,23.0,,,,,,,,,,,,,,,,,,,,,,88.0,,,,,,,,,,,,,,,,,,,,,100.0,,,,,,
BGC0000379,,,,67.0,,,,,,,,,,,,,,,,,,,,,,,,,,,,,,,,,,,,,,,,,,,,,,,,,
BGC0000014,,,,,59.0,,,,,,,,,,,,,,86.0,,,,,,,,,,,,,,,,,,,,,,,,,,,,,,,,,,
BGC0001070,,,,,30.0,,,,,,,,,,,,,,,,,,,,,,,,,,,,,,,,,,,,,,,,,,,,,,50.0,,
BGC0000696,,,,,32.0,,,,,,,,,,,,,,,,,,,,,,,,,,,,,,,,,,,,,,,,,,,,,,,,
BGC0001656,,,,,31.0,,,,,,,,,,,,,,,,,,,,,,,,,,,,,,,,,,,,,,,,,,,,,,,,
BGC0001950,,,,,137.0,,,,,,,,,,,,,,,,,,,,,,,,,,,,,,,,,,,,,,,,,,,,,,,,
BGC0001029,,,,,81.0,,,,,,,,,,,,,,,,,,,,,,,,,,,,,,,,,,,,,,,,,,,,,,,,
BGC0000119,,,,,,152.0,,,,,,,,,,,,,,,,,,,,,,,,,,,,98.0,,,,,,,,,,,,,,,,,,,
BGC0000291,,,,,,116.0,,,,,,,,,,,,,,,,,,,,,,,,,,,,,,,,,,,,,,,,,,,,,,,
BGC0001407,,,,,,,188.0,,,,,,118.0,,,,,,,,,,,,,,,,,,,,,,,,,,,,,,,,,,,,,,,,141.0
BGC0001576,,,,,,,72.0,,,,,,54.0,,,,,,,,,,,,,,,,,,,,,,,,,,,,,,,,,,,,,,,,59.0
BGC0000874,,,,,,,99.0,,,,,,59.0,,,,,,,,,,,,,,,,,,,,,,,,,,,,,,,,,,,,,,,,59.0
BGC0001645,,,,,,,141.0,,,,,,76.0,,,,,,,,,,,,,,,,,,,,,,,,,,,,,,,,,,,,,,,,107.0
BGC0001055,,,,,,,,60.0,,,,,,,,,,,,,,,,,,,,,,,,,,,,,,,,,,,,,,,,,,,,,
BGC0000686,,,,,,,,73.0,,,,,,,,,,,,,,,,,,,,,,,,,,,,,,,,,,,,,,,,,,,,,
BGC0001687,,,,,,,,54.0,,,,,,,,,,,121.0,,,,,,,,,,,,,,,,,,,,,,,,,,,,,,,,,,
BGC0001486,,,,,,,,87.0,,,,,,,,,,,,,,,,,,,,,,,,,,,,,,,,,,,,,,,,,,,,,
BGC0001225,,,,,,,,,48.0,,,,,66.0,,,,,,,,,,,,,,,,,,,,,,,,,,,,,,,,,,,,,,,
BGC0000175,,,,,,,,,124.0,,,,,179.0,,,,,,,,,,,,,,,,,,,,,,,,,,,,,,,,,,,,,,,
BGC0000925,,,,,,,,,82.0,,,,,118.0,,,,,,,,,,,,,,,,,,,,,,,,,,,,,,,,,,,,,,,
BGC0001860,,,,,,,,,52.0,,,,,,,,,,,,,,,,,,,,,,,,,,,,,,,,,,,,,,,,,,,,
BGC0002010,,,,,,,,,32.0,,,,,,,,,,,,,,,,,,,,,,,,,,,,,,,,,,,,,,,,,,,,
BGC0000706,,,,,,,,,55.0,,,,,81.0,,,,,,,,,,,,,,,,,,,,,,,,,,,,,,,,,,,,,,,
BGC0000274,,,,,,,,,52.0,,,,,,,,,,,,,,,,,,,,,,,,,,,,,,,,,,89.0,,,,,100.0,83.0,,,,
BGC0000303,,,,,,,,,61.0,,,,,,,,,,,,,,,,,,,,,,,,,,,,,,,,,,,,,,,,,,,,
BGC0000837,,,,,,,,,,389.0,,,,,,,,,,,,,,,944.0,,,,,,,,,,,,,,,,,,,,,,,,,,,,
BGC0002008,,,,,,,,,,35.0,,,,,,,,,,,,,,,219.0,,76.0,,,,,,,,,,,,,,,,,,,,,,,,,,
BGC0000836,,,,,,,,,,42.0,,,,,,,,,,,,,,,204.0,,27.0,,,,,,,,,,,,,,,,,,,,,,,,,,
BGC0001333,,,,,,,,,,52.0,,,,,,,,,,,,,,,,,,,,,,,,,,,,,,,,,,,,,,,,,,,
BGC0001742,,,,,,,,,,30.0,,,,,,,,,,,,,,,,,,,,,,,,,,,,,,,,,,,,,,,,,,,
BGC0001980,,,,,,,,,,14.0,,,,,,,,,,,,,,,,,,,,,,,,,,,,,,,,,,,,,,,,,,,
BGC0000385,,,,,,,,,,46.0,,,,,,,,,,,,,,,,,,,99.0,,,,,68.0,,,,,,,,,,,,,,,,,55.0,,
BGC0000766,,,,,,,,,,,120.0,,,,,,,,,,,,,,,,,,,,,,,,,,,,,,,,,,,,,,,,,,
BGC0000033,,,,,,,,,,,76.0,,,,,,,,,,,,,,112.0,,,,,,,,,,,,,,,,,,,,,,,,,,,,
BGC0000953,,,,,,,,,,,62.0,,,,,,,,,,,,,,,,,,,,,,,,,,,,,,,,,,,,,,,,,,
BGC0000704,,,,,,,,,,,159.0,,,,,,,,,,,,,,,,,,,,,,,,,,,,,,,,,,,,,,,,,,
BGC0000529,,,,,,,,,,,317.0,,,,,,,,,,,,,,,,,,,,,,,,,,,,,,,,,,,,,,,,,,
BGC0000973,,,,,,,,,,,,59.0,,,,,,,,,,,,,,,,,,,,,,,,,,,,,,,,,,,,,,,,,
BGC0001919,,,,,,,,,,,,86.0,,,,,,,,,,,,,,,,,,,,,,,,,,,43.0,,,,,,,,,,,,,,
BGC0000817,,,,,,,,,,,,180.0,,,,,,,,,,,,,,,,,,,,52.0,,,,,,,,,,,,,,,,,,,,,
BGC0001719,,,,,,,,,,,,44.0,,,,,,,,,,,,,,,,,,,,,,,,,,,,,,,,,,,,,,,,,
BGC0000440,,,,,,,,,,,,,,60.0,,,,,,,,,,,,,,,,,,,16.0,,,,,,,,,,,,,,,,,,,,
BGC0001133,,,,,,,,,,,,,,70.0,,,,,,,,,,,,,,,,,,,,,,,,,,,,,,,,43.0,,,,,,,
BGC0001380,,,,,,,,,,,,,,,332.0,,,,,,,,,,,,,,,,,,,,,,,,,,,,,,,,,,,,,,
BGC0001386,,,,,,,,,,,,,,,49.0,,,,,,,,,,,,,,,,,,,,,,,,,,,,,,,,,,,,,,
BGC0001350,,,,,,,,,,,,,,,187.0,,,,,,,,,,,,,,,,,,,,,,,,,,,,,,,,,,,,,,
BGC0000164,,,,,,,,,,,,,,,208.0,,,,,,,,,,,,,,,,,,,,,,,,,,,,,,,,,,,,,,
BGC0001532,,,,,,,,,,,,,,,168.0,,,,,,,,,,,,,,,,,,,,,,,,,,,,,,,,,,,,,,
BGC0000495,,,,,,,,,,,,,,,139.0,,,,,,,,,,,,,,,,,,,,,,,,,,,,,,,,,,,,,,
BGC0000926,,,,,,,,,,,,,,,103.0,,,,,,,,,,,,,,,,,,,106.0,,,,,,,,,,,,,,,,,,,
BGC0001215,,,,,,,,,,,,,,,168.0,,,,,,,,,,,,,,,,,,,,,,,,,,,,,,,,,,,,,,
BGC0001963,,,,,,,,,,,,,,,,54.0,,,,,,,,,,,,,,,,,,,,,,,,,,,,,,,,,,,,,
BGC0000136,,,,,,,,,,,,,,,,53.0,,,,,,,,,,,,,,,,,,103.0,,,,,,,,,,,,,,,,,,,
BGC0001759,,,,,,,,,,,,,,,,45.0,,,,,,,,,,,,,,,,,,,,,,,,,,,,24.0,,,,,,,,,
BGC0001776,,,,,,,,,,,,,,,,65.0,,,,,,,,,,,,,,,,,,,,,,,,,,,,,,,,,,,,,
BGC0000663,,,,,,,,,,,,,,,,178.0,,,,,,,,,,,,,,,,,,,,,,,,,,,,,,,,,,,,,
BGC0000700,,,,,,,,,,,,,,,,166.0,,,,,,,,,,,,,,,,,,,,,,,,,,,,,,,,,,,,,
BGC0000488,,,,,,,,,,,,,,,,32.0,,,,,,,,,,,,,,,,,,,,,,,,,,,,,,,,,,,,,
BGC0001312,,,,,,,,,,,,,,,,37.0,,,,,,,,,,,,,,,,,,,,,,,,,,,,,,,,,,,,,
BGC0001369,,,,,,,,,,,,,,,,,64.0,,,,,,,,,,109.0,,,,,,,,,,,,,,,,,,,80.0,,,,,,,
BGC0001179,,,,,,,,,,,,,,,,,94.0,,,,,,,,,,,,,,,,,,,,,,,,,,,,,,,,,,,,
BGC0000211,,,,,,,,,,,,,,,,,92.0,,,,,,,,,,,,,,,,,,,,,,,,,,,,,,,,,,,,
BGC0000190,,,,,,,,,,,,,,,,,69.0,,,,,,,,,,,,,,,,,,,,,,,,,,,,,,,,,,,,
BGC0000957,,,,,,,,,,,,,,,,,135.0,,,,,,,,,,,,,,,,,,,,,,,,,,,,,,,,,,,,
BGC0001822,,,,,,,,,,,,,,,,,229.0,,,,,,,,,,193.0,,,,,,,,,,,,,,,,,,,,,,,,,,
BGC0001467,,,,,,,,,,,,,,,,,278.0,,,,,,,,,,,,,,,,,,,,,,,,,,,,,,,,,,,,
BGC0001028,,,,,,,,,,,,,,,,,209.0,,,,,,,,,,,,,,,,,,,,,,,,,,,,,,,,,,,,
BGC0001418,,,,,,,,,,,,,,,,,64.0,,,,,,,,,,,,,,,,,,,,,,,,,,,,,,,,,,,,
BGC0001419,,,,,,,,,,,,,,,,,155.0,,,,,,,,,,,,,,,,,,,,,,,,,,,,,,,,,,,,
BGC0000855,,,,,,,,,,,,,,,,,90.0,,,,,,,,,,,,,,,,,,,,,,,,,,,,,,,,,,,,
BGC0001099,,,,,,,,,,,,,,,,,63.0,,,,,,,,,,,,,,,,,,,,,,,,,,,,,,,,,,,,
BGC0001441,,,,,,,,,,,,,,,,,,134.0,,,,,,,,,,,,,,,,,,,,,,,,,,,,,,,,,,,
BGC0001094,,,,,,,,,,,,,,,,,,43.0,,,,,,,,,,,,,,,,,,,,,,,,,58.0,,,,,70.0,47.0,,,,
BGC0001095,,,,,,,,,,,,,,,,,,41.0,,,,,,,,,,,,,,,,,,,,,,,,,,,,61.0,,,,,,,
BGC0002011,,,,,,,,,,,,,,,,,,43.0,,,,,,,,,,,,,,,,,,,,,,,,,,,,,,,,,,,
BGC0000406,,,,,,,,,,,,,,,,,,38.0,,,,,,,,,,,,,,,,,,,,,,,,,,,,,,,,,,,
BGC0000187,,,,,,,,,,,,,,,,,,46.0,,,,,,,,,,,,,,,,,,,,,,,,,,,,,,,,,,,
BGC0000110,,,,,,,,,,,,,,,,,,63.0,,,,,,,,,,,,,,,,,,,,,,,,,,,,,,,,,,,
BGC0000767,,,,,,,,,,,,,,,,,,,53.0,,,,,,,,,,,,,,,,,,,,,,,,,,,,,,,,,,
BGC0001686,,,,,,,,,,,,,,,,,,,63.0,,,,,,,,,,,,,,,,,,,,,,,,,87.0,,,,,,,,,
BGC0000780,,,,,,,,,,,,,,,,,,,83.0,,,,,,,,,,,,,,,,,,,,,,,,,,,,,,,,,,
BGC0002012,,,,,,,,,,,,,,,,,,,,26.0,,,,,,,,,,,,,,,,,,,,,,,,,,,,,,,,,
BGC0001346,,,,,,,,,,,,,,,,,,,,93.0,,,,,,,,,,,,,,,,,,,,,,,,,,,,,,,,,
BGC0001034,,,,,,,,,,,,,,,,,,,,,303.0,,,,,,,,,,,,,,,,,,,,309.0,,,,,,,,,,,,
BGC0001000,,,,,,,,,,,,,,,,,,,,,209.0,,,,,,,,,,,,,,,,,174.0,,,224.0,,,,,,,,,,,,
BGC0000918,,,,,,,,,,,,,,,,,,,,,,107.0,,,,,,,,,,,,,,,,,,,,,,,,,,,,,,,
BGC0000871,,,,,,,,,,,,,,,,,,,,,,381.0,,,,,,,,,,,,,,,,,,,,,,,,,,,,,,,
BGC0000938,,,,,,,,,,,,,,,,,,,,,,67.0,,,,,,,,,,,,,,,,,,,,,,,,,,,,,,,
BGC0000065,,,,,,,,,,,,,,,,,,,,,,131.0,,,,,,,,,,,,,,,,,,,,,,,,,,,,,,,
BGC0001732,,,,,,,,,,,,,,,,,,,,,,56.0,,,,,,,,,,,,,,,,,,,,,,,,,,,,,,,
BGC0001056,,,,,,,,,,,,,,,,,,,,,,,21.0,,,,,,,,,,,,,,,,,,,,,,,,,,,,,,
BGC0000867,,,,,,,,,,,,,,,,,,,,,,,,128.0,,,,,,,,,,,,,,,,,,,,,,,,,,,,,
BGC0001555,,,,,,,,,,,,,,,,,,,,,,,,71.0,,,,,,,,,,,,,,,,,,,,,,,,,,,,,
BGC0000573,,,,,,,,,,,,,,,,,,,,,,,,64.0,,,,,,,,,,,,,,,,,,,,,,,,,,,,,
BGC0001773,,,,,,,,,,,,,,,,,,,,,,,,91.0,,,,,,,,,,,,,,,,,,,,,,,,,,,,,
BGC0000961,,,,,,,,,,,,,,,,,,,,,,,,68.0,,,,,,,,,,,,,,,,,,,,,,,,,,,33.0,,
BGC0000195,,,,,,,,,,,,,,,,,,,,,,,,,111.0,,,,,,,,,,,,,,,,,,,,,,,,,,,,
BGC0000923,,,,,,,,,,,,,,,,,,,,,,,,,102.0,,,,,,,,,,,,,,,,,,,,,,,,,,,,
BGC0001897,,,,,,,,,,,,,,,,,,,,,,,,,127.0,,,,,,,,,,,,,,,,,,,,,,,,,,,,
BGC0001762,,,,,,,,,,,,,,,,,,,,,,,,,138.0,,,,,,,,,,,,,,,,,,,,,,,,,,,,
BGC0000937,,,,,,,,,,,,,,,,,,,,,,,,,139.0,,,,,,,,,,,,,,,,,,,,,,,,,,,,
BGC0001101,,,,,,,,,,,,,,,,,,,,,,,,,135.0,,,,,,,,,,,,,,,,,,,,,,,,,,,,
BGC0001488,,,,,,,,,,,,,,,,,,,,,,,,,56.0,,,,,,,,,,,,,,,,,,,,,,,,,,,,
BGC0000122,,,,,,,,,,,,,,,,,,,,,,,,,178.0,,,,,,,,,,,,,,,,,,,,,,,,,,,,
BGC0000913,,,,,,,,,,,,,,,,,,,,,,,,,72.0,,,,,,,,,,,,,,,,,,,,,,,,,,,,
BGC0000904,,,,,,,,,,,,,,,,,,,,,,,,,,44.0,,,,,,,,,,,,,,,,,,,,,,,,,,,
BGC0001120,,,,,,,,,,,,,,,,,,,,,,,,,,125.0,,,,,,,,,,,,,,,,,,,,,,,,,,,
BGC0002036,,,,,,,,,,,,,,,,,,,,,,,,,,83.0,,,,,,,,,,,,,,,,,,,,,,,,,,,
BGC0001898,,,,,,,,,,,,,,,,,,,,,,,,,,75.0,,,,,,,,,,,,,,,,,,,,,,,,,,,
BGC0001859,,,,,,,,,,,,,,,,,,,,,,,,,,86.0,,,,,,,,,,,,,,,,,,,,,,,,,,,
BGC0000080,,,,,,,,,,,,,,,,,,,,,,,,,,104.0,,,,,,,,,,,,,,,,,,,,,,,,,,,
BGC0001083,,,,,,,,,,,,,,,,,,,,,,,,,,111.0,,,,,,,,95.0,,,,,,,,,,,,,,,,,42.0,,
BGC0000806,,,,,,,,,,,,,,,,,,,,,,,,,,89.0,,,,,,,,,,,,,,,,,,,,,,,,,,,
BGC0000118,,,,,,,,,,,,,,,,,,,,,,,,,,,41.0,,,,,,,,,,,,,,,,,,,,,,,,,,
BGC0002025,,,,,,,,,,,,,,,,,,,,,,,,,,,80.0,,,,,,,,,,,,,,,,22.0,,,,,45.0,,,,,
BGC0000949,,,,,,,,,,,,,,,,,,,,,,,,,,,70.0,,,,,,,,,,,,,,,,,,,,,,,,,,
BGC0000288,,,,,,,,,,,,,,,,,,,,,,,,,,,,9.0,,,,,,,,,,,,,,,,,,,,,,,,,
BGC0001020,,,,,,,,,,,,,,,,,,,,,,,,,,,,38.0,,,,,,,,,,,,,,,,,,,,,,,,,
BGC0002024,,,,,,,,,,,,,,,,,,,,,,,,,,,,152.0,,,,,,,,,,,,,,,,,,,,,,,,,
BGC0002006,,,,,,,,,,,,,,,,,,,,,,,,,,,,82.0,,,,,,,,,,,,,,,,,,,,,,,,,
BGC0001102,,,,,,,,,,,,,,,,,,,,,,,,,,,,,54.0,,,,,,,,,,,,,,,,,,,,,,,,
BGC0000336,,,,,,,,,,,,,,,,,,,,,,,,,,,,,150.0,,,,,,,,,,,,,,,,,,,,,,,,
BGC0000149,,,,,,,,,,,,,,,,,,,,,,,,,,,,,54.0,,,,,,,,,,,,,,,,,,,,,,,,
BGC0001100,,,,,,,,,,,,,,,,,,,,,,,,,,,,,146.0,,,,,,,,,,,,,,,,,,,,,,,,
BGC0001536,,,,,,,,,,,,,,,,,,,,,,,,,,,,,70.0,,,,,,,,,,,,,,,,,,,,,,,,
BGC0001877,,,,,,,,,,,,,,,,,,,,,,,,,,,,,101.0,,,,,,,,,,,,,,,,,,55.0,,,,,,
BGC0001009,,,,,,,,,,,,,,,,,,,,,,,,,,,,,,129.0,,,,,,,,,,,,,,,,,,,,,,,
BGC0001696,,,,,,,,,,,,,,,,,,,,,,,,,,,,,,101.0,,,,,,,,,,,,,,,,,,,,,,,
BGC0001356,,,,,,,,,,,,,,,,,,,,,,,,,,,,,,83.0,,,,,,,,,,,,,,,,,,,,,,,
BGC0001411,,,,,,,,,,,,,,,,,,,,,,,,,,,,,,98.0,,,,,,,,,,,,,,,,,,,,,,,
BGC0000843,,,,,,,,,,,,,,,,,,,,,,,,,,,,,,,91.0,,,,,,,,,,,,,,,,,,,,,,
BGC0001884,,,,,,,,,,,,,,,,,,,,,,,,,,,,,,,164.0,,,,,,,,,,,,,,,,,,,,,,
BGC0001733,,,,,,,,,,,,,,,,,,,,,,,,,,,,,,,361.0,,,,,,,,,,,,,,,,,,,,,,
BGC0000413,,,,,,,,,,,,,,,,,,,,,,,,,,,,,,,154.0,,,,30.0,,,,,,,,,53.0,,,,,,,,,
BGC0000424,,,,,,,,,,,,,,,,,,,,,,,,,,,,,,,86.0,,,,,,,,,,,,,,,,,,,,,,
BGC0002001,,,,,,,,,,,,,,,,,,,,,,,,,,,,,,,325.0,,,,,,,,,,,,,,,,,,,,,,
BGC0000984,,,,,,,,,,,,,,,,,,,,,,,,,,,,,,,148.0,,,,,,,,,,,,,,,,,,,,,,
BGC0001751,,,,,,,,,,,,,,,,,,,,,,,,,,,,,,,,73.0,,,,,,,,,,,,,,,69.0,,,,,,
BGC0002007,,,,,,,,,,,,,,,,,,,,,,,,,,,,,,,,33.0,,,,,,,,,,,,,,,,,,,,,
BGC0000268,,,,,,,,,,,,,,,,,,,,,,,,,,,,,,,,83.0,,,,,,,,,,,,,,,179.0,,,,,,
BGC0001061,,,,,,,,,,,,,,,,,,,,,,,,,,,,,,,,53.0,,,,,,,,,,,,,,,77.0,,,,,,
BGC0001069,,,,,,,,,,,,,,,,,,,,,,,,,,,,,,,,57.0,,,,,,,,,,,,,,,82.0,,,,,,
BGC0001520,,,,,,,,,,,,,,,,,,,,,,,,,,,,,,,,39.0,,,,,,,,,,,,,,,59.0,,,,,,
BGC0000180,,,,,,,,,,,,,,,,,,,,,,,,,,,,,,,,383.0,,,,,,,,,,,,,,,,,,,,,
BGC0000317,,,,,,,,,,,,,,,,,,,,,,,,,,,,,,,,,52.0,,,,,,,,,,,,,,,,,,,,
BGC0000132,,,,,,,,,,,,,,,,,,,,,,,,,,,,,,,,,107.0,,,,,,,,,,,,,,,,,,,,
BGC0001796,,,,,,,,,,,,,,,,,,,,,,,,,,,,,,,,,,137.0,,,,,,,,,,,,,,,,,,,
BGC0001291,,,,,,,,,,,,,,,,,,,,,,,,,,,,,,,,,,71.0,,,,,,,,,,,,,,,,,,,
BGC0000761,,,,,,,,,,,,,,,,,,,,,,,,,,,,,,,,,,89.0,,,,,,,,,,,,,,,,,,,
BGC0000796,,,,,,,,,,,,,,,,,,,,,,,,,,,,,,,,,,255.0,,,,,,,,,,,,,,,,,,,
BGC0000899,,,,,,,,,,,,,,,,,,,,,,,,,,,,,,,,,,98.0,,,,,,,,,,,,,,,,,,,
BGC0000151,,,,,,,,,,,,,,,,,,,,,,,,,,,,,,,,,,78.0,,,,,,,,,,,,,,,,,,,
BGC0000916,,,,,,,,,,,,,,,,,,,,,,,,,,,,,,,,,,77.0,,,,,,,,,,,,,,,,,,,
BGC0001831,,,,,,,,,,,,,,,,,,,,,,,,,,,,,,,,,,75.0,,,,,,,,,,63.0,,,,,,,,137.0,
BGC0001647,,,,,,,,,,,,,,,,,,,,,,,,,,,,,,,,,,45.0,,,,,,,,,,,,,,,,,,,
BGC0000282,,,,,,,,,,,,,,,,,,,,,,,,,,,,,,,,,,80.0,,,,,,,,,,,,,,,,,,,
BGC0000791,,,,,,,,,,,,,,,,,,,,,,,,,,,,,,,,,,97.0,,,,,,,,,,,,,,,,,,,
BGC0000795,,,,,,,,,,,,,,,,,,,,,,,,,,,,,,,,,,83.0,,,,,,,,,,,,,,,,,,,
BGC0001654,,,,,,,,,,,,,,,,,,,,,,,,,,,,,,,,,,92.0,,,,,,,,82.0,,,,,,,,,,,
BGC0001006,,,,,,,,,,,,,,,,,,,,,,,,,,,,,,,,,,189.0,114.0,,,,,,,,,,,,,,,,,,
BGC0001650,,,,,,,,,,,,,,,,,,,,,,,,,,,,,,,,,,,80.0,,,,,,,,,,,,,,,,,,
BGC0000388,,,,,,,,,,,,,,,,,,,,,,,,,,,,,,,,,,,108.0,,,,,,,,,,,,,,,,,,
BGC0001745,,,,,,,,,,,,,,,,,,,,,,,,,,,,,,,,,,,112.0,,,,,,,,,,,,,,,,,,
BGC0000586,,,,,,,,,,,,,,,,,,,,,,,,,,,,,,,,,,,97.0,,,,,,,,,,,,,,,,,,
BGC0002005,,,,,,,,,,,,,,,,,,,,,,,,,,,,,,,,,,,179.0,,,,,,,,,,,,,,,,,,
BGC0000209,,,,,,,,,,,,,,,,,,,,,,,,,,,,,,,,,,,,,67.0,,,,,,,,,,,,,,,,
BGC0000422,,,,,,,,,,,,,,,,,,,,,,,,,,,,,,,,,,,,,86.0,,,,,,,,,,,,,,,,
BGC0000976,,,,,,,,,,,,,,,,,,,,,,,,,,,,,,,,,,,,,,73.0,,,307.0,,,,,,,,,,,,
BGC0000260,,,,,,,,,,,,,,,,,,,,,,,,,,,,,,,,,,,,,,,51.0,,,,,,,,,,,,,,
BGC0001800,,,,,,,,,,,,,,,,,,,,,,,,,,,,,,,,,,,,,,,51.0,,,,,,,,,,,,,,
BGC0000469,,,,,,,,,,,,,,,,,,,,,,,,,,,,,,,,,,,,,,,,86.0,,,,,,,,,,,,,
BGC0000991,,,,,,,,,,,,,,,,,,,,,,,,,,,,,,,,,,,,,,,,1084.0,,,,,,,,,,,,,
BGC0001953,,,,,,,,,,,,,,,,,,,,,,,,,,,,,,,,,,,,,,,,,413.0,,,,,,,,,,,,
BGC0000774,,,,,,,,,,,,,,,,,,,,,,,,,,,,,,,,,,,,,,,,,,157.0,,,,,,,,,,,
BGC0001191,,,,,,,,,,,,,,,,,,,,,,,,,,,,,,,,,,,,,,,,,,,70.0,,,,,125.0,110.0,,,,
BGC0000971,,,,,,,,,,,,,,,,,,,,,,,,,,,,,,,,,,,,,,,,,,,53.0,,,,,58.0,55.0,,,,
BGC0001564,,,,,,,,,,,,,,,,,,,,,,,,,,,,,,,,,,,,,,,,,,,92.0,,,,,100.0,82.0,,,,
BGC0000078,,,,,,,,,,,,,,,,,,,,,,,,,,,,,,,,,,,,,,,,,,,,24.0,,,,,,,,,
BGC0000475,,,,,,,,,,,,,,,,,,,,,,,,,,,,,,,,,,,,,,,,,,,,63.0,,,,,,,,,
BGC0001818,,,,,,,,,,,,,,,,,,,,,,,,,,,,,,,,,,,,,,,,,,,,18.0,,,,,,,,,
BGC0000779,,,,,,,,,,,,,,,,,,,,,,,,,,,,,,,,,,,,,,,,,,,,26.0,,,,,,19.0,,,
BGC0000344,,,,,,,,,,,,,,,,,,,,,,,,,,,,,,,,,,,,,,,,,,,,78.0,,,,,,,,,
BGC0001728,,,,,,,,,,,,,,,,,,,,,,,,,,,,,,,,,,,,,,,,,,,,44.0,,,,,,,,,
BGC0001715,,,,,,,,,,,,,,,,,,,,,,,,,,,,,,,,,,,,,,,,,,,,35.0,,,,,,,,,
BGC0001463,,,,,,,,,,,,,,,,,,,,,,,,,,,,,,,,,,,,,,,,,,,,,,67.0,,,,,,,
BGC0000223,,,,,,,,,,,,,,,,,,,,,,,,,,,,,,,,,,,,,,,,,,,,,,43.0,,,,,,,
BGC0000341,,,,,,,,,,,,,,,,,,,,,,,,,,,,,,,,,,,,,,,,,,,,,,81.0,,,,,41.0,,
BGC0000839,,,,,,,,,,,,,,,,,,,,,,,,,,,,,,,,,,,,,,,,,,,,,,30.0,,,,,,,
BGC0001110,,,,,,,,,,,,,,,,,,,,,,,,,,,,,,,,,,,,,,,,,,,,,,,532.0,,,,,,
BGC0000263,,,,,,,,,,,,,,,,,,,,,,,,,,,,,,,,,,,,,,,,,,,,,,,65.0,,,,,,
BGC0001819,,,,,,,,,,,,,,,,,,,,,,,,,,,,,,,,,,,,,,,,,,,,,,,,,,37.0,,,
BGC0000915,,,,,,,,,,,,,,,,,,,,,,,,,,,,,,,,,,,,,,,,,,,,,,,,,,25.0,,,
BGC0001622,,,,,,,,,,,,,,,,,,,,,,,,,,,,,,,,,,,,,,,,,,,,,,,,,,,35.0,,
BGC0001221,,,,,,,,,,,,,,,,,,,,,,,,,,,,,,,,,,,,,,,,,,,,,,,,,,,84.0,,
BGC0001379,,,,,,,,,,,,,,,,,,,,,,,,,,,,,,,,,,,,,,,,,,,,,,,,,,,71.0,,
BGC0001902,,,,,,,,,,,,,,,,,,,,,,,,,,,,,,,,,,,,,,,,,,,,,,,,,,,55.0,,
BGC0000892,,,,,,,,,,,,,,,,,,,,,,,,,,,,,,,,,,,,,,,,,,,,,,,,,,,29.0,,
BGC0001480,,,,,,,,,,,,,,,,,,,,,,,,,,,,,,,,,,,,,,,,,,,,,,,,,,,41.0,,
BGC0000238,,,,,,,,,,,,,,,,,,,,,,,,,,,,,,,,,,,,,,,,,,,,,,,,,,,32.0,,
BGC0001975,,,,,,,,,,,,,,,,,,,,,,,,,,,,,,,,,,,,,,,,,,,,,,,,,,,,74.0,
BGC0001967,,,,,,,,,,,,,,,,,,,,,,,,,,,,,,,,,,,,,,,,,,,,,,,,,,,,109.0,
BGC0001979,,,,,,,,,,,,,,,,,,,,,,,,,,,,,,,,,,,,,,,,,,,,,,,,,,,,35.0,
BGC0001297,,,,,,,,,,,,,,,,,,,,,,,,,,,,,,,,,,,,,,,,,,,,,,,,,,,,36.0,
BGC0001115,,,,,,,,,,,,,,,,,,,,,,,,,,,,,,,,,,,,,,,,,,,,,,,,,,,,263.0,
